C1/CU	C2/CU	C3/CU	C4/CU	C5/CU	C6/CU
0.393111735561013	0.122553670070933	0.117248776229346	0.257844137829446	0.064238883668508	0.0621987053882865
